{"cameraMode":{"drawMode":0,"name":"Shaded","section":"Shading Mode"},"sceneLighting":false,"audioPlay":false,"sceneViewState":{"m_AlwaysRefresh":false,"showFog":true,"showSkybox":true,"showFlares":true,"showImageEffects":true,"showParticleSystems":true,"showVisualEffectGraphs":true,"m_FxEnabled":true},"in2DMode":false,"pivot":{"x":76.94337463378906,"y":34.06041717529297,"z":-15.980365753173829},"rotation":{"x":0.0062630148604512218,"y":-0.7182766795158386,"z":-0.006462825927883387,"w":-0.6957672238349915},"size":69.63693237304688,"orthographic":false}